richiesta_id,cliente_id,fornitore_id,operatore_id,data_ora,importo,tempo_erogazione_minuti,stato
REQ_00001,CLI_0303,FOR_038,OPE_015,2025-06-02 11:04:00,0.0,,Annullata
REQ_00002,CLI_0117,FOR_046,OPE_014,2025-06-02 14:40:00,16.35,,In Corso
REQ_00003,CLI_0039,FOR_009,OPE_077,2025-06-02 19:04:00,0.0,,Annullata
REQ_00004,CLI_0046,FOR_038,OPE_014,2025-06-03 19:44:00,62.34,78.0,Completata
REQ_00005,CLI_0328,FOR_035,OPE_019,2025-06-04 10:28:00,0.0,,Annullata
REQ_00006,CLI_0281,FOR_040,OPE_014,2025-06-05 09:31:00,39.71,55.0,Completata
REQ_00007,CLI_0110,FOR_003,OPE_042,2025-06-05 18:09:00,167.49,101.0,Completata
REQ_00008,CLI_0173,FOR_007,OPE_078,2025-06-05 19:47:00,88.54,69.0,Completata
REQ_00009,CLI_0120,FOR_038,OPE_053,2025-06-05 20:46:00,31.36,73.0,Completata
REQ_00010,CLI_0286,FOR_009,OPE_064,2025-06-07 09:14:00,17.83,,In Corso
REQ_00011,CLI_0089,FOR_014,OPE_075,2025-06-07 09:32:00,43.47,114.0,Completata
REQ_00012,CLI_0334,FOR_030,OPE_041,2025-06-07 12:08:00,29.11,,In Corso
REQ_00013,CLI_0068,FOR_028,OPE_008,2025-06-07 14:21:00,0.0,,Annullata
REQ_00014,CLI_0127,FOR_016,OPE_062,2025-06-07 16:32:00,64.59,117.0,Completata
REQ_00015,CLI_0268,FOR_035,OPE_011,2025-06-08 08:54:00,30.11,96.0,Completata
REQ_00016,CLI_0172,FOR_033,OPE_073,2025-06-08 12:37:00,53.33,53.0,Completata
REQ_00017,CLI_0035,FOR_017,OPE_065,2025-06-10 12:39:00,16.33,,In Corso
REQ_00018,CLI_0332,FOR_012,OPE_046,2025-06-10 18:45:00,62.43,,In Corso
REQ_00019,CLI_0308,FOR_029,OPE_022,2025-06-11 11:01:00,33.75,113.0,Completata
REQ_00020,CLI_0276,FOR_029,OPE_051,2025-06-11 19:33:00,54.91,,In Corso
REQ_00021,CLI_0311,FOR_007,OPE_028,2025-06-12 08:31:00,0.0,,Annullata
REQ_00022,CLI_0076,FOR_045,OPE_067,2025-06-12 09:09:00,0.0,,Annullata
REQ_00023,CLI_0194,FOR_024,OPE_034,2025-06-12 10:47:00,0.0,,Annullata
REQ_00024,CLI_0262,FOR_022,OPE_025,2025-06-12 11:12:00,76.24,158.0,Completata
REQ_00025,CLI_0268,FOR_006,OPE_027,2025-06-12 15:23:00,35.21,93.0,Completata
REQ_00026,CLI_0291,FOR_048,OPE_056,2025-06-12 17:54:00,29.58,47.0,Completata
REQ_00027,CLI_0049,FOR_046,OPE_062,2025-06-12 20:31:00,47.71,87.0,Completata
REQ_00028,CLI_0245,FOR_049,OPE_064,2025-06-13 16:48:00,98.58,80.0,Completata
REQ_00029,CLI_0233,FOR_009,OPE_037,2025-06-14 09:53:00,30.63,36.0,Completata
REQ_00030,CLI_0183,FOR_041,OPE_039,2025-06-14 10:21:00,58.2,80.0,Completata
REQ_00031,CLI_0147,FOR_011,OPE_077,2025-06-14 18:52:00,60.01,,In Corso
REQ_00032,CLI_0108,FOR_019,OPE_076,2025-06-15 18:03:00,35.07,,In Corso
REQ_00033,CLI_0268,FOR_048,OPE_033,2025-06-15 18:34:00,65.08,,In Corso
REQ_00034,CLI_0250,FOR_005,OPE_008,2025-06-16 19:22:00,65.69,,In Corso
REQ_00035,CLI_0343,FOR_030,OPE_047,2025-06-16 21:44:00,60.53,66.0,Completata
REQ_00036,CLI_0161,FOR_036,OPE_019,2025-06-17 19:54:00,56.66,68.0,Completata
REQ_00037,CLI_0084,FOR_049,OPE_076,2025-06-18 16:20:00,0.0,,Annullata
REQ_00038,CLI_0041,FOR_039,OPE_002,2025-06-19 10:29:00,32.43,100.0,Completata
REQ_00039,CLI_0307,FOR_011,OPE_077,2025-06-19 18:38:00,60.41,,In Corso
REQ_00040,CLI_0155,FOR_002,OPE_038,2025-06-20 09:00:00,46.39,80.0,Completata
REQ_00041,CLI_0296,FOR_002,OPE_041,2025-06-20 12:50:00,49.36,80.0,Completata
REQ_00042,CLI_0235,FOR_001,OPE_055,2025-06-20 13:59:00,0.0,,Annullata
REQ_00043,CLI_0213,FOR_049,OPE_025,2025-06-20 14:49:00,35.39,,In Corso
REQ_00044,CLI_0099,FOR_045,OPE_073,2025-06-20 16:37:00,18.14,121.0,Completata
REQ_00045,CLI_0030,FOR_044,OPE_032,2025-06-21 11:54:00,94.15,,In Corso
REQ_00046,CLI_0172,FOR_015,OPE_041,2025-06-21 17:33:00,41.91,79.0,Completata
REQ_00047,CLI_0100,FOR_033,OPE_024,2025-06-21 17:34:00,54.27,129.0,Completata
REQ_00048,CLI_0007,FOR_004,OPE_037,2025-06-22 13:02:00,23.21,40.0,Completata
REQ_00049,CLI_0126,FOR_011,OPE_049,2025-06-24 11:25:00,34.1,129.0,Completata
REQ_00050,CLI_0325,FOR_008,OPE_034,2025-06-25 09:03:00,65.87,131.0,Completata
REQ_00051,CLI_0204,FOR_038,OPE_065,2025-06-25 11:44:00,0.0,,Annullata
REQ_00052,CLI_0113,FOR_045,OPE_050,2025-06-25 15:53:00,0.0,,Annullata
REQ_00053,CLI_0344,FOR_003,OPE_075,2025-06-25 15:58:00,25.38,,In Corso
REQ_00054,CLI_0155,FOR_046,OPE_064,2025-06-25 17:33:00,34.39,,In Corso
REQ_00055,CLI_0122,FOR_037,OPE_042,2025-06-25 19:57:00,22.85,35.0,Completata
REQ_00056,CLI_0035,FOR_023,OPE_006,2025-06-26 08:09:00,0.0,,Annullata
REQ_00057,CLI_0274,FOR_009,OPE_029,2025-06-26 11:09:00,0.0,,Annullata
REQ_00058,CLI_0126,FOR_017,OPE_022,2025-06-27 19:05:00,52.35,,In Corso
REQ_00059,CLI_0069,FOR_037,OPE_049,2025-06-27 19:43:00,0.0,,Annullata
REQ_00060,CLI_0342,FOR_023,OPE_051,2025-06-28 11:36:00,46.21,,In Corso
REQ_00061,CLI_0109,FOR_049,OPE_046,2025-06-28 17:40:00,31.2,79.0,Completata
REQ_00062,CLI_0021,FOR_044,OPE_011,2025-06-29 17:51:00,0.0,,Annullata
REQ_00063,CLI_0092,FOR_024,OPE_013,2025-07-01 18:09:00,0.0,,Annullata
REQ_00064,CLI_0249,FOR_024,OPE_019,2025-07-02 11:19:00,45.2,98.0,Completata
REQ_00065,CLI_0008,FOR_028,OPE_005,2025-07-04 15:24:00,67.49,,In Corso
REQ_00066,CLI_0147,FOR_027,OPE_011,2025-07-05 13:50:00,70.84,116.0,Completata
REQ_00067,CLI_0246,FOR_021,OPE_011,2025-07-06 13:53:00,39.53,,In Corso
REQ_00068,CLI_0005,FOR_017,OPE_056,2025-07-06 14:18:00,0.0,,Annullata
REQ_00069,CLI_0046,FOR_012,OPE_070,2025-07-06 16:17:00,0.0,,Annullata
REQ_00070,CLI_0308,FOR_032,OPE_070,2025-07-07 11:12:00,149.02,62.0,Completata
REQ_00071,CLI_0075,FOR_033,OPE_062,2025-07-08 11:04:00,45.43,90.0,Completata
REQ_00072,CLI_0179,FOR_014,OPE_051,2025-07-09 08:28:00,47.22,171.0,Completata
REQ_00073,CLI_0163,FOR_048,OPE_073,2025-07-09 10:35:00,0.0,,Annullata
REQ_00074,CLI_0337,FOR_017,OPE_072,2025-07-09 13:46:00,0.0,,Annullata
REQ_00075,CLI_0323,FOR_005,OPE_013,2025-07-09 14:06:00,31.82,81.0,Completata
REQ_00076,CLI_0208,FOR_050,OPE_022,2025-07-09 18:40:00,119.35,,In Corso
REQ_00077,CLI_0323,FOR_010,OPE_042,2025-07-10 14:27:00,16.24,,In Corso
REQ_00078,CLI_0194,FOR_041,OPE_024,2025-07-10 17:24:00,32.77,,In Corso
REQ_00079,CLI_0135,FOR_003,OPE_065,2025-07-10 17:26:00,25.65,73.0,Completata
REQ_00080,CLI_0025,FOR_037,OPE_001,2025-07-10 18:38:00,0.0,,Annullata
REQ_00081,CLI_0136,FOR_005,OPE_060,2025-07-11 11:56:00,15.23,,In Corso
REQ_00082,CLI_0164,FOR_035,OPE_066,2025-07-11 11:59:00,80.38,115.0,Completata
REQ_00083,CLI_0075,FOR_035,OPE_072,2025-07-11 17:07:00,72.79,118.0,Completata
REQ_00084,CLI_0173,FOR_032,OPE_034,2025-07-12 13:38:00,60.0,56.0,Completata
REQ_00085,CLI_0123,FOR_038,OPE_016,2025-07-12 15:37:00,139.15,,In Corso
REQ_00086,CLI_0144,FOR_038,OPE_060,2025-07-12 18:12:00,18.6,133.0,Completata
REQ_00087,CLI_0013,FOR_047,OPE_031,2025-07-14 14:51:00,18.41,90.0,Completata
REQ_00088,CLI_0290,FOR_039,OPE_067,2025-07-15 19:50:00,0.0,,Annullata
REQ_00089,CLI_0233,FOR_030,OPE_053,2025-07-16 10:15:00,16.0,124.0,Completata
REQ_00090,CLI_0053,FOR_019,OPE_057,2025-07-16 13:29:00,52.0,,In Corso
REQ_00091,CLI_0337,FOR_023,OPE_032,2025-07-17 10:05:00,20.9,98.0,Completata
REQ_00092,CLI_0160,FOR_050,OPE_014,2025-07-17 11:08:00,54.67,70.0,Completata
REQ_00093,CLI_0053,FOR_024,OPE_079,2025-07-17 18:10:00,71.32,95.0,Completata
REQ_00094,CLI_0205,FOR_023,OPE_008,2025-07-19 10:17:00,0.0,,Annullata
REQ_00095,CLI_0204,FOR_049,OPE_079,2025-07-19 11:03:00,38.1,106.0,Completata
REQ_00096,CLI_0349,FOR_026,OPE_018,2025-07-19 13:04:00,15.01,114.0,Completata
REQ_00097,CLI_0157,FOR_028,OPE_011,2025-07-20 17:43:00,17.91,114.0,Completata
REQ_00098,CLI_0147,FOR_009,OPE_027,2025-07-21 10:04:00,35.1,63.0,Completata
REQ_00099,CLI_0141,FOR_019,OPE_049,2025-07-21 16:46:00,31.92,97.0,Completata
REQ_00100,CLI_0179,FOR_037,OPE_017,2025-07-21 19:41:00,0.0,,Annullata
REQ_00101,CLI_0316,FOR_027,OPE_055,2025-07-22 17:28:00,16.94,95.0,Completata
REQ_00102,CLI_0101,FOR_033,OPE_024,2025-07-23 12:51:00,21.74,106.0,Completata
REQ_00103,CLI_0011,FOR_017,OPE_068,2025-07-24 18:13:00,0.0,,Annullata
REQ_00104,CLI_0021,FOR_020,OPE_012,2025-07-25 10:49:00,30.93,79.0,Completata
REQ_00105,CLI_0101,FOR_048,OPE_028,2025-07-25 19:31:00,16.98,,In Corso
REQ_00106,CLI_0227,FOR_044,OPE_071,2025-07-27 17:33:00,44.08,98.0,Completata
REQ_00107,CLI_0229,FOR_013,OPE_031,2025-07-28 08:33:00,24.26,64.0,Completata
REQ_00108,CLI_0100,FOR_045,OPE_045,2025-07-28 12:05:00,25.72,78.0,Completata
REQ_00109,CLI_0216,FOR_008,OPE_007,2025-07-29 13:28:00,29.0,,In Corso
REQ_00110,CLI_0274,FOR_003,OPE_028,2025-07-29 16:09:00,0.0,,Annullata
REQ_00111,CLI_0149,FOR_028,OPE_054,2025-07-29 19:40:00,0.0,,Annullata
REQ_00112,CLI_0252,FOR_043,OPE_013,2025-07-30 10:36:00,114.42,153.0,Completata
REQ_00113,CLI_0303,FOR_010,OPE_046,2025-07-30 12:30:00,93.0,96.0,Completata
REQ_00114,CLI_0280,FOR_002,OPE_014,2025-07-30 12:45:00,34.06,,In Corso
REQ_00115,CLI_0111,FOR_038,OPE_017,2025-07-31 11:59:00,16.44,134.0,Completata
REQ_00116,CLI_0182,FOR_024,OPE_029,2025-07-31 12:34:00,0.0,,Annullata
REQ_00117,CLI_0321,FOR_020,OPE_028,2025-07-31 20:02:00,109.54,86.0,Completata
REQ_00118,CLI_0186,FOR_012,OPE_027,2025-08-01 14:53:00,48.15,75.0,Completata
REQ_00119,CLI_0175,FOR_030,OPE_034,2025-08-02 11:50:00,18.18,,In Corso
REQ_00120,CLI_0224,FOR_025,OPE_033,2025-08-03 12:27:00,27.35,,In Corso
REQ_00121,CLI_0208,FOR_043,OPE_077,2025-08-04 11:02:00,26.37,118.0,Completata
REQ_00122,CLI_0111,FOR_009,OPE_032,2025-08-04 12:25:00,0.0,,Annullata
REQ_00123,CLI_0217,FOR_008,OPE_045,2025-08-05 09:02:00,94.68,147.0,Completata
REQ_00124,CLI_0079,FOR_023,OPE_044,2025-08-05 12:55:00,31.24,86.0,Completata
REQ_00125,CLI_0104,FOR_009,OPE_005,2025-08-05 15:35:00,54.27,40.0,Completata
REQ_00126,CLI_0331,FOR_015,OPE_032,2025-08-08 14:57:00,0.0,,Annullata
REQ_00127,CLI_0278,FOR_041,OPE_017,2025-08-08 16:25:00,0.0,,Annullata
REQ_00128,CLI_0025,FOR_010,OPE_045,2025-08-08 18:36:00,73.2,114.0,Completata
REQ_00129,CLI_0181,FOR_008,OPE_068,2025-08-09 12:03:00,22.15,97.0,Completata
REQ_00130,CLI_0321,FOR_049,OPE_047,2025-08-09 16:38:00,0.0,,Annullata
REQ_00131,CLI_0102,FOR_024,OPE_054,2025-08-11 10:24:00,0.0,,Annullata
REQ_00132,CLI_0057,FOR_047,OPE_031,2025-08-11 12:12:00,0.0,,Annullata
REQ_00133,CLI_0084,FOR_041,OPE_075,2025-08-11 18:46:00,67.7,103.0,Completata
REQ_00134,CLI_0226,FOR_015,OPE_061,2025-08-12 09:16:00,157.58,95.0,Completata
REQ_00135,CLI_0086,FOR_018,OPE_078,2025-08-12 09:31:00,66.22,84.0,Completata
REQ_00136,CLI_0223,FOR_030,OPE_003,2025-08-12 10:56:00,23.95,79.0,Completata
REQ_00137,CLI_0235,FOR_044,OPE_033,2025-08-12 12:58:00,41.26,,In Corso
REQ_00138,CLI_0156,FOR_044,OPE_070,2025-08-13 13:33:00,193.81,103.0,Completata
REQ_00139,CLI_0252,FOR_048,OPE_056,2025-08-14 11:01:00,24.87,101.0,Completata
REQ_00140,CLI_0089,FOR_018,OPE_019,2025-08-14 16:47:00,193.69,42.0,Completata
REQ_00141,CLI_0260,FOR_044,OPE_029,2025-08-14 18:20:00,193.77,103.0,Completata
REQ_00142,CLI_0336,FOR_002,OPE_034,2025-08-15 10:24:00,34.74,64.0,Completata
REQ_00143,CLI_0094,FOR_001,OPE_043,2025-08-15 11:41:00,92.03,,In Corso
REQ_00144,CLI_0088,FOR_050,OPE_044,2025-08-15 16:14:00,22.99,137.0,Completata
REQ_00145,CLI_0156,FOR_042,OPE_043,2025-08-15 18:37:00,96.19,73.0,Completata
REQ_00146,CLI_0252,FOR_040,OPE_066,2025-08-16 09:21:00,25.05,,In Corso
REQ_00147,CLI_0155,FOR_029,OPE_067,2025-08-17 09:24:00,28.18,128.0,Completata
REQ_00148,CLI_0141,FOR_045,OPE_010,2025-08-17 16:56:00,0.0,,Annullata
REQ_00149,CLI_0265,FOR_027,OPE_034,2025-08-18 13:49:00,0.0,,Annullata
REQ_00150,CLI_0323,FOR_020,OPE_020,2025-08-21 08:18:00,45.71,15.0,Completata
REQ_00151,CLI_0099,FOR_049,OPE_078,2025-08-21 16:59:00,16.33,,In Corso
REQ_00152,CLI_0116,FOR_029,OPE_053,2025-08-21 19:22:00,84.71,150.0,Completata
REQ_00153,CLI_0193,FOR_017,OPE_022,2025-08-22 10:20:00,39.17,65.0,Completata
REQ_00154,CLI_0221,FOR_004,OPE_069,2025-08-23 13:56:00,66.21,112.0,Completata
REQ_00155,CLI_0109,FOR_007,OPE_047,2025-08-23 15:05:00,52.29,35.0,Completata
REQ_00156,CLI_0132,FOR_023,OPE_015,2025-08-23 15:05:00,115.39,67.0,Completata
REQ_00157,CLI_0147,FOR_048,OPE_046,2025-08-25 11:32:00,25.31,52.0,Completata
REQ_00158,CLI_0324,FOR_015,OPE_037,2025-08-25 12:46:00,0.0,,Annullata
REQ_00159,CLI_0280,FOR_027,OPE_040,2025-08-25 15:16:00,38.7,100.0,Completata
REQ_00160,CLI_0024,FOR_024,OPE_004,2025-08-25 15:33:00,66.89,,In Corso
REQ_00161,CLI_0116,FOR_023,OPE_069,2025-08-25 18:57:00,47.62,71.0,Completata
REQ_00162,CLI_0313,FOR_006,OPE_057,2025-08-26 16:13:00,73.02,,In Corso
REQ_00163,CLI_0103,FOR_038,OPE_061,2025-08-26 17:12:00,25.07,88.0,Completata
REQ_00164,CLI_0003,FOR_022,OPE_047,2025-08-27 12:21:00,0.0,,Annullata
REQ_00165,CLI_0332,FOR_038,OPE_036,2025-08-27 17:55:00,0.0,,Annullata
REQ_00166,CLI_0190,FOR_037,OPE_025,2025-08-28 12:00:00,99.9,38.0,Completata
REQ_00167,CLI_0185,FOR_048,OPE_047,2025-08-28 15:13:00,29.25,69.0,Completata
REQ_00168,CLI_0039,FOR_016,OPE_022,2025-08-28 16:58:00,0.0,,Annullata
REQ_00169,CLI_0241,FOR_016,OPE_059,2025-08-29 12:01:00,46.28,,In Corso
REQ_00170,CLI_0009,FOR_017,OPE_011,2025-08-29 17:49:00,70.6,104.0,Completata
REQ_00171,CLI_0273,FOR_004,OPE_048,2025-08-31 11:40:00,44.59,72.0,Completata
REQ_00172,CLI_0111,FOR_025,OPE_021,2025-08-31 12:13:00,0.0,,Annullata
REQ_00173,CLI_0321,FOR_025,OPE_051,2025-08-31 17:46:00,19.33,,In Corso
REQ_00174,CLI_0081,FOR_041,OPE_066,2025-09-01 12:29:00,0.0,,Annullata
REQ_00175,CLI_0251,FOR_041,OPE_073,2025-09-01 13:48:00,88.22,77.0,Completata
REQ_00176,CLI_0340,FOR_003,OPE_063,2025-09-03 17:10:00,24.6,,In Corso
REQ_00177,CLI_0175,FOR_045,OPE_055,2025-09-05 14:38:00,73.43,118.0,Completata
REQ_00178,CLI_0128,FOR_004,OPE_018,2025-09-05 18:57:00,31.83,128.0,Completata
REQ_00179,CLI_0078,FOR_033,OPE_014,2025-09-06 13:45:00,16.15,15.0,Completata
REQ_00180,CLI_0339,FOR_006,OPE_049,2025-09-06 13:55:00,40.9,113.0,Completata
REQ_00181,CLI_0283,FOR_016,OPE_006,2025-09-06 19:42:00,40.26,59.0,Completata
REQ_00182,CLI_0147,FOR_012,OPE_080,2025-09-07 09:48:00,145.3,,In Corso
REQ_00183,CLI_0151,FOR_002,OPE_022,2025-09-07 13:38:00,110.17,107.0,Completata
REQ_00184,CLI_0328,FOR_007,OPE_078,2025-09-07 15:48:00,46.33,120.0,Completata
REQ_00185,CLI_0328,FOR_033,OPE_012,2025-09-09 09:58:00,100.57,90.0,Completata
REQ_00186,CLI_0283,FOR_012,OPE_017,2025-09-09 17:47:00,29.66,,In Corso
REQ_00187,CLI_0334,FOR_005,OPE_059,2025-09-10 09:34:00,40.34,93.0,Completata
REQ_00188,CLI_0197,FOR_002,OPE_047,2025-09-10 15:18:00,30.14,144.0,Completata
REQ_00189,CLI_0289,FOR_013,OPE_054,2025-09-10 15:33:00,0.0,,Annullata
REQ_00190,CLI_0248,FOR_020,OPE_029,2025-09-11 08:30:00,84.23,70.0,Completata
REQ_00191,CLI_0322,FOR_006,OPE_058,2025-09-11 10:38:00,142.57,102.0,Completata
REQ_00192,CLI_0169,FOR_005,OPE_041,2025-09-12 11:41:00,169.45,,In Corso
REQ_00193,CLI_0204,FOR_007,OPE_003,2025-09-12 13:38:00,34.15,88.0,Completata
REQ_00194,CLI_0280,FOR_010,OPE_038,2025-09-14 12:27:00,47.73,112.0,Completata
REQ_00195,CLI_0295,FOR_027,OPE_029,2025-09-15 08:53:00,56.64,130.0,Completata
REQ_00196,CLI_0041,FOR_020,OPE_019,2025-09-15 10:25:00,0.0,,Annullata
REQ_00197,CLI_0322,FOR_030,OPE_053,2025-09-15 12:29:00,0.0,,Annullata
REQ_00198,CLI_0073,FOR_033,OPE_048,2025-09-16 11:54:00,69.75,120.0,Completata
REQ_00199,CLI_0059,FOR_002,OPE_029,2025-09-16 17:29:00,48.57,29.0,Completata
REQ_00200,CLI_0065,FOR_019,OPE_026,2025-09-16 19:54:00,0.0,,Annullata
REQ_00201,CLI_0278,FOR_036,OPE_030,2025-09-17 17:36:00,22.57,83.0,Completata
REQ_00202,CLI_0301,FOR_004,OPE_007,2025-09-17 18:34:00,17.33,98.0,Completata
REQ_00203,CLI_0288,FOR_006,OPE_048,2025-09-18 16:01:00,50.14,112.0,Completata
REQ_00204,CLI_0283,FOR_050,OPE_035,2025-09-18 19:45:00,46.02,133.0,Completata
REQ_00205,CLI_0341,FOR_025,OPE_028,2025-09-19 09:27:00,0.0,,Annullata
REQ_00206,CLI_0093,FOR_009,OPE_027,2025-09-19 13:19:00,0.0,,Annullata
REQ_00207,CLI_0041,FOR_042,OPE_050,2025-09-19 15:38:00,266.52,97.0,Completata
REQ_00208,CLI_0168,FOR_039,OPE_023,2025-09-19 18:06:00,0.0,,Annullata
REQ_00209,CLI_0047,FOR_033,OPE_069,2025-09-19 19:21:00,0.0,,Annullata
REQ_00210,CLI_0296,FOR_011,OPE_061,2025-09-20 18:51:00,27.8,44.0,Completata
REQ_00211,CLI_0338,FOR_030,OPE_048,2025-09-21 13:17:00,74.38,138.0,Completata
REQ_00212,CLI_0127,FOR_019,OPE_036,2025-09-21 17:39:00,112.31,119.0,Completata
REQ_00213,CLI_0321,FOR_027,OPE_008,2025-09-21 19:16:00,29.99,75.0,Completata
REQ_00214,CLI_0209,FOR_009,OPE_006,2025-09-22 11:25:00,81.28,129.0,Completata
REQ_00215,CLI_0182,FOR_037,OPE_009,2025-09-22 14:31:00,49.78,66.0,Completata
REQ_00216,CLI_0341,FOR_002,OPE_061,2025-09-22 14:50:00,84.67,48.0,Completata
REQ_00217,CLI_0114,FOR_043,OPE_037,2025-09-23 14:08:00,27.85,71.0,Completata
REQ_00218,CLI_0018,FOR_034,OPE_063,2025-09-23 18:55:00,0.0,,Annullata
REQ_00219,CLI_0205,FOR_004,OPE_007,2025-09-24 09:27:00,56.1,141.0,Completata
REQ_00220,CLI_0088,FOR_004,OPE_079,2025-09-24 13:34:00,40.36,,In Corso
REQ_00221,CLI_0102,FOR_038,OPE_029,2025-09-25 18:18:00,80.06,142.0,Completata
REQ_00222,CLI_0348,FOR_021,OPE_071,2025-09-25 18:24:00,76.77,,In Corso
REQ_00223,CLI_0084,FOR_019,OPE_035,2025-09-25 19:24:00,90.72,59.0,Completata
REQ_00224,CLI_0069,FOR_001,OPE_068,2025-09-26 07:39:00,0.0,,Annullata
REQ_00225,CLI_0283,FOR_042,OPE_023,2025-09-26 10:09:00,0.0,,Annullata
REQ_00226,CLI_0153,FOR_045,OPE_055,2025-09-26 16:16:00,34.86,121.0,Completata
REQ_00227,CLI_0177,FOR_042,OPE_058,2025-09-27 08:49:00,30.83,,In Corso
REQ_00228,CLI_0317,FOR_009,OPE_006,2025-09-27 11:36:00,32.26,75.0,Completata
REQ_00229,CLI_0261,FOR_042,OPE_076,2025-09-28 12:00:00,94.44,99.0,Completata
REQ_00230,CLI_0214,FOR_009,OPE_029,2025-09-28 18:27:00,39.09,25.0,Completata
REQ_00231,CLI_0160,FOR_046,OPE_023,2025-09-28 20:15:00,36.18,,In Corso
REQ_00232,CLI_0104,FOR_021,OPE_066,2025-09-28 21:22:00,22.23,,In Corso
REQ_00233,CLI_0018,FOR_030,OPE_022,2025-09-29 16:46:00,67.73,,In Corso
REQ_00234,CLI_0122,FOR_010,OPE_036,2025-09-29 18:07:00,34.06,137.0,Completata
REQ_00235,CLI_0028,FOR_011,OPE_078,2025-09-29 18:11:00,47.96,72.0,Completata
REQ_00236,CLI_0137,FOR_047,OPE_033,2025-09-30 18:54:00,33.4,103.0,Completata
REQ_00237,CLI_0330,FOR_040,OPE_047,2025-10-01 08:05:00,50.03,136.0,Completata
REQ_00238,CLI_0246,FOR_001,OPE_034,2025-10-01 10:08:00,23.48,15.0,Completata
REQ_00239,CLI_0205,FOR_048,OPE_049,2025-10-02 13:49:00,45.41,,In Corso
REQ_00240,CLI_0295,FOR_024,OPE_026,2025-10-04 18:39:00,19.99,,In Corso
REQ_00241,CLI_0325,FOR_026,OPE_049,2025-10-05 14:41:00,25.39,90.0,Completata
REQ_00242,CLI_0241,FOR_017,OPE_043,2025-10-06 11:49:00,25.28,15.0,Completata
REQ_00243,CLI_0207,FOR_029,OPE_032,2025-10-06 13:07:00,65.33,97.0,Completata
REQ_00244,CLI_0086,FOR_016,OPE_041,2025-10-07 08:07:00,28.14,127.0,Completata
REQ_00245,CLI_0118,FOR_041,OPE_071,2025-10-07 10:53:00,21.13,93.0,Completata
REQ_00246,CLI_0271,FOR_003,OPE_011,2025-10-07 14:42:00,23.11,,In Corso
REQ_00247,CLI_0057,FOR_040,OPE_018,2025-10-07 17:28:00,36.09,,In Corso
REQ_00248,CLI_0292,FOR_015,OPE_057,2025-10-08 07:01:00,29.84,49.0,Completata
REQ_00249,CLI_0322,FOR_013,OPE_045,2025-10-08 10:36:00,18.46,87.0,Completata
REQ_00250,CLI_0221,FOR_042,OPE_067,2025-10-08 13:28:00,0.0,,Annullata
REQ_00251,CLI_0062,FOR_004,OPE_060,2025-10-08 14:49:00,18.27,111.0,Completata
REQ_00252,CLI_0331,FOR_031,OPE_030,2025-10-09 16:39:00,0.0,,Annullata
REQ_00253,CLI_0256,FOR_049,OPE_009,2025-10-09 19:29:00,95.1,134.0,Completata
REQ_00254,CLI_0159,FOR_034,OPE_061,2025-10-10 11:28:00,0.0,,Annullata
REQ_00255,CLI_0318,FOR_039,OPE_058,2025-10-10 17:05:00,54.15,133.0,Completata
REQ_00256,CLI_0209,FOR_035,OPE_064,2025-10-10 18:29:00,0.0,,Annullata
REQ_00257,CLI_0029,FOR_007,OPE_009,2025-10-11 08:01:00,0.0,,Annullata
REQ_00258,CLI_0215,FOR_031,OPE_003,2025-10-11 20:27:00,0.0,,Annullata
REQ_00259,CLI_0292,FOR_042,OPE_062,2025-10-12 12:31:00,57.47,,In Corso
REQ_00260,CLI_0269,FOR_011,OPE_054,2025-10-12 17:43:00,31.5,23.0,Completata
REQ_00261,CLI_0222,FOR_012,OPE_010,2025-10-14 19:48:00,24.23,121.0,Completata
REQ_00262,CLI_0207,FOR_016,OPE_002,2025-10-15 11:07:00,0.0,,Annullata
REQ_00263,CLI_0346,FOR_023,OPE_018,2025-10-15 19:04:00,36.72,98.0,Completata
REQ_00264,CLI_0166,FOR_003,OPE_061,2025-10-17 18:26:00,29.28,57.0,Completata
REQ_00265,CLI_0156,FOR_021,OPE_013,2025-10-18 19:36:00,48.85,116.0,Completata
REQ_00266,CLI_0207,FOR_004,OPE_023,2025-10-19 16:53:00,55.71,115.0,Completata
REQ_00267,CLI_0340,FOR_012,OPE_033,2025-10-20 12:49:00,0.0,,Annullata
REQ_00268,CLI_0257,FOR_037,OPE_063,2025-10-20 13:04:00,0.0,,Annullata
REQ_00269,CLI_0163,FOR_015,OPE_005,2025-10-21 07:36:00,99.54,,In Corso
REQ_00270,CLI_0120,FOR_046,OPE_050,2025-10-21 11:54:00,0.0,,Annullata
REQ_00271,CLI_0187,FOR_040,OPE_029,2025-10-21 19:20:00,117.69,53.0,Completata
REQ_00272,CLI_0258,FOR_008,OPE_075,2025-10-22 09:29:00,84.81,,In Corso
REQ_00273,CLI_0347,FOR_035,OPE_015,2025-10-22 13:38:00,53.69,112.0,Completata
REQ_00274,CLI_0291,FOR_011,OPE_059,2025-10-22 15:17:00,30.32,,In Corso
REQ_00275,CLI_0304,FOR_035,OPE_038,2025-10-23 09:07:00,76.25,,In Corso
REQ_00276,CLI_0183,FOR_015,OPE_058,2025-10-23 12:07:00,70.11,108.0,Completata
REQ_00277,CLI_0339,FOR_025,OPE_068,2025-10-23 13:56:00,140.43,37.0,Completata
REQ_00278,CLI_0019,FOR_043,OPE_066,2025-10-24 11:24:00,55.68,,In Corso
REQ_00279,CLI_0153,FOR_020,OPE_048,2025-10-24 13:12:00,21.71,44.0,Completata
REQ_00280,CLI_0028,FOR_005,OPE_063,2025-10-25 19:27:00,106.26,45.0,Completata
REQ_00281,CLI_0149,FOR_012,OPE_050,2025-10-25 20:35:00,43.51,48.0,Completata
REQ_00282,CLI_0246,FOR_049,OPE_042,2025-10-27 09:47:00,0.0,,Annullata
REQ_00283,CLI_0166,FOR_025,OPE_014,2025-10-27 12:07:00,0.0,,Annullata
REQ_00284,CLI_0182,FOR_018,OPE_075,2025-10-28 12:55:00,149.09,76.0,Completata
REQ_00285,CLI_0343,FOR_041,OPE_059,2025-10-28 17:43:00,54.95,,In Corso
REQ_00286,CLI_0339,FOR_001,OPE_064,2025-10-28 21:21:00,62.07,121.0,Completata
REQ_00287,CLI_0193,FOR_015,OPE_076,2025-10-29 08:44:00,0.0,,Annullata
REQ_00288,CLI_0112,FOR_033,OPE_059,2025-10-29 12:01:00,64.59,79.0,Completata
REQ_00289,CLI_0296,FOR_020,OPE_038,2025-10-29 18:47:00,42.2,100.0,Completata
REQ_00290,CLI_0322,FOR_036,OPE_054,2025-10-30 08:19:00,60.85,125.0,Completata
REQ_00291,CLI_0299,FOR_022,OPE_020,2025-10-30 10:33:00,75.72,98.0,Completata
REQ_00292,CLI_0209,FOR_020,OPE_055,2025-10-30 11:59:00,37.02,,In Corso
REQ_00293,CLI_0088,FOR_009,OPE_035,2025-10-30 12:25:00,25.68,108.0,Completata
REQ_00294,CLI_0234,FOR_017,OPE_057,2025-10-30 13:20:00,16.37,65.0,Completata
REQ_00295,CLI_0276,FOR_039,OPE_053,2025-10-31 18:03:00,17.58,,In Corso
REQ_00296,CLI_0273,FOR_042,OPE_029,2025-11-01 12:45:00,0.0,,Annullata
REQ_00297,CLI_0058,FOR_034,OPE_020,2025-11-01 13:13:00,51.12,78.0,Completata
REQ_00298,CLI_0052,FOR_015,OPE_003,2025-11-03 12:50:00,29.07,131.0,Completata
REQ_00299,CLI_0296,FOR_008,OPE_040,2025-11-03 17:05:00,71.97,,In Corso
REQ_00300,CLI_0056,FOR_023,OPE_011,2025-11-05 17:02:00,0.0,,Annullata
REQ_00301,CLI_0060,FOR_010,OPE_039,2025-11-06 17:03:00,25.58,,In Corso
REQ_00302,CLI_0049,FOR_036,OPE_013,2025-11-07 11:01:00,0.0,,Annullata
REQ_00303,CLI_0101,FOR_026,OPE_004,2025-11-07 12:29:00,0.0,,Annullata
REQ_00304,CLI_0011,FOR_028,OPE_046,2025-11-07 16:08:00,33.88,89.0,Completata
REQ_00305,CLI_0266,FOR_040,OPE_024,2025-11-07 17:19:00,41.04,,In Corso
REQ_00306,CLI_0316,FOR_023,OPE_017,2025-11-07 18:31:00,15.14,64.0,Completata
REQ_00307,CLI_0106,FOR_034,OPE_009,2025-11-08 10:03:00,42.69,117.0,Completata
REQ_00308,CLI_0018,FOR_012,OPE_040,2025-11-08 13:47:00,32.05,,In Corso
REQ_00309,CLI_0271,FOR_015,OPE_063,2025-11-09 13:22:00,104.19,73.0,Completata
REQ_00310,CLI_0040,FOR_020,OPE_077,2025-11-10 10:01:00,197.07,,In Corso
REQ_00311,CLI_0327,FOR_035,OPE_048,2025-11-10 10:18:00,45.53,127.0,Completata
REQ_00312,CLI_0295,FOR_004,OPE_059,2025-11-10 12:13:00,20.92,88.0,Completata
REQ_00313,CLI_0077,FOR_026,OPE_014,2025-11-11 10:54:00,47.46,91.0,Completata
REQ_00314,CLI_0039,FOR_008,OPE_025,2025-11-11 20:46:00,0.0,,Annullata
REQ_00315,CLI_0191,FOR_038,OPE_053,2025-11-12 10:13:00,58.35,,In Corso
REQ_00316,CLI_0237,FOR_034,OPE_080,2025-11-12 21:17:00,26.11,130.0,Completata
REQ_00317,CLI_0247,FOR_008,OPE_062,2025-11-14 18:35:00,49.38,,In Corso
REQ_00318,CLI_0315,FOR_031,OPE_069,2025-11-15 21:25:00,84.31,80.0,Completata
REQ_00319,CLI_0345,FOR_041,OPE_031,2025-11-17 18:39:00,0.0,,Annullata
REQ_00320,CLI_0013,FOR_045,OPE_042,2025-11-18 18:32:00,97.88,,In Corso
REQ_00321,CLI_0205,FOR_017,OPE_054,2025-11-18 19:56:00,17.47,112.0,Completata
REQ_00322,CLI_0273,FOR_024,OPE_058,2025-11-20 08:16:00,0.0,,Annullata
REQ_00323,CLI_0315,FOR_026,OPE_059,2025-11-20 10:31:00,148.48,94.0,Completata
REQ_00324,CLI_0156,FOR_025,OPE_061,2025-11-20 10:54:00,40.25,,In Corso
REQ_00325,CLI_0286,FOR_039,OPE_013,2025-11-20 11:54:00,79.3,107.0,Completata
REQ_00326,CLI_0094,FOR_021,OPE_055,2025-11-20 16:58:00,37.83,78.0,Completata
REQ_00327,CLI_0116,FOR_015,OPE_073,2025-11-20 18:20:00,47.15,101.0,Completata
REQ_00328,CLI_0202,FOR_044,OPE_053,2025-11-21 08:20:00,0.0,,Annullata
REQ_00329,CLI_0313,FOR_009,OPE_054,2025-11-22 17:21:00,0.0,,Annullata
REQ_00330,CLI_0288,FOR_015,OPE_012,2025-11-23 14:05:00,86.54,66.0,Completata
REQ_00331,CLI_0072,FOR_027,OPE_062,2025-11-24 14:40:00,81.8,110.0,Completata
REQ_00332,CLI_0321,FOR_043,OPE_042,2025-11-25 12:37:00,0.0,,Annullata
REQ_00333,CLI_0221,FOR_021,OPE_040,2025-11-25 14:16:00,77.52,99.0,Completata
REQ_00334,CLI_0192,FOR_008,OPE_049,2025-11-25 16:19:00,32.23,76.0,Completata
REQ_00335,CLI_0063,FOR_040,OPE_028,2025-11-26 08:41:00,39.4,60.0,Completata
REQ_00336,CLI_0147,FOR_038,OPE_028,2025-11-27 12:25:00,57.54,53.0,Completata
REQ_00337,CLI_0214,FOR_026,OPE_049,2025-11-27 19:50:00,58.5,94.0,Completata
REQ_00338,CLI_0269,FOR_032,OPE_060,2025-11-28 17:26:00,33.68,166.0,Completata
REQ_00339,CLI_0284,FOR_001,OPE_042,2025-11-28 19:57:00,31.82,71.0,Completata
REQ_00340,CLI_0097,FOR_012,OPE_072,2025-11-29 13:24:00,230.6,83.0,Completata
REQ_00341,CLI_0142,FOR_045,OPE_025,2025-11-30 08:43:00,133.79,99.0,Completata
REQ_00342,CLI_0118,FOR_042,OPE_073,2025-11-30 09:39:00,24.45,55.0,Completata
REQ_00343,CLI_0152,FOR_005,OPE_067,2025-11-30 13:38:00,61.92,66.0,Completata
REQ_00344,CLI_0113,FOR_015,OPE_035,2025-12-01 16:53:00,142.77,73.0,Completata
REQ_00345,CLI_0105,FOR_044,OPE_026,2025-12-03 08:00:00,0.0,,Annullata
REQ_00346,CLI_0132,FOR_023,OPE_048,2025-12-03 19:11:00,102.25,128.0,Completata
REQ_00347,CLI_0066,FOR_030,OPE_003,2025-12-05 08:44:00,41.1,68.0,Completata
REQ_00348,CLI_0294,FOR_015,OPE_052,2025-12-05 10:42:00,56.66,96.0,Completata
REQ_00349,CLI_0070,FOR_049,OPE_047,2025-12-05 13:19:00,23.08,97.0,Completata
REQ_00350,CLI_0091,FOR_018,OPE_021,2025-12-05 16:20:00,0.0,,Annullata
REQ_00351,CLI_0227,FOR_022,OPE_023,2025-12-05 18:03:00,0.0,,Annullata
REQ_00352,CLI_0200,FOR_011,OPE_061,2025-12-05 18:19:00,38.81,109.0,Completata
REQ_00353,CLI_0181,FOR_037,OPE_056,2025-12-07 14:01:00,19.16,,In Corso
REQ_00354,CLI_0349,FOR_005,OPE_073,2025-12-07 17:34:00,192.34,92.0,Completata
REQ_00355,CLI_0332,FOR_039,OPE_077,2025-12-09 08:08:00,55.66,102.0,Completata
REQ_00356,CLI_0220,FOR_030,OPE_073,2025-12-10 09:35:00,77.05,152.0,Completata
REQ_00357,CLI_0052,FOR_025,OPE_076,2025-12-10 09:55:00,40.39,77.0,Completata
REQ_00358,CLI_0040,FOR_037,OPE_001,2025-12-10 19:14:00,42.56,85.0,Completata
REQ_00359,CLI_0335,FOR_017,OPE_022,2025-12-11 14:48:00,21.68,109.0,Completata
REQ_00360,CLI_0008,FOR_047,OPE_017,2025-12-12 15:11:00,34.44,99.0,Completata
REQ_00361,CLI_0078,FOR_045,OPE_006,2025-12-12 19:11:00,51.67,98.0,Completata
REQ_00362,CLI_0239,FOR_008,OPE_061,2025-12-13 12:26:00,26.25,81.0,Completata
REQ_00363,CLI_0241,FOR_031,OPE_035,2025-12-13 19:05:00,34.42,,In Corso
REQ_00364,CLI_0006,FOR_005,OPE_058,2025-12-13 19:47:00,0.0,,Annullata
REQ_00365,CLI_0020,FOR_006,OPE_070,2025-12-14 20:55:00,39.57,109.0,Completata
REQ_00366,CLI_0146,FOR_004,OPE_017,2025-12-15 14:44:00,63.07,94.0,Completata
REQ_00367,CLI_0019,FOR_043,OPE_035,2025-12-15 16:47:00,71.45,85.0,Completata
REQ_00368,CLI_0100,FOR_035,OPE_032,2025-12-15 18:09:00,62.02,68.0,Completata
REQ_00369,CLI_0145,FOR_007,OPE_050,2025-12-15 21:17:00,95.71,102.0,Completata
REQ_00370,CLI_0164,FOR_013,OPE_070,2025-12-15 21:45:00,41.42,125.0,Completata
REQ_00371,CLI_0324,FOR_040,OPE_059,2025-12-16 16:43:00,49.73,62.0,Completata
REQ_00372,CLI_0190,FOR_004,OPE_045,2025-12-17 09:42:00,0.0,,Annullata
REQ_00373,CLI_0237,FOR_002,OPE_031,2025-12-18 10:42:00,23.29,68.0,Completata
REQ_00374,CLI_0201,FOR_039,OPE_045,2025-12-18 16:00:00,26.84,142.0,Completata
REQ_00375,CLI_0103,FOR_042,OPE_057,2025-12-18 18:52:00,112.79,90.0,Completata
REQ_00376,CLI_0221,FOR_039,OPE_060,2025-12-19 16:03:00,19.31,83.0,Completata
REQ_00377,CLI_0173,FOR_023,OPE_069,2025-12-19 18:18:00,93.3,87.0,Completata
REQ_00378,CLI_0006,FOR_032,OPE_018,2025-12-19 18:49:00,27.18,97.0,Completata
REQ_00379,CLI_0229,FOR_010,OPE_006,2025-12-21 13:48:00,47.48,78.0,Completata
REQ_00380,CLI_0096,FOR_004,OPE_063,2025-12-22 12:08:00,51.88,106.0,Completata
REQ_00381,CLI_0337,FOR_041,OPE_005,2025-12-23 15:43:00,0.0,,Annullata
REQ_00382,CLI_0150,FOR_048,OPE_011,2025-12-23 20:09:00,146.98,114.0,Completata
REQ_00383,CLI_0003,FOR_009,OPE_060,2025-12-24 11:11:00,200.56,,In Corso
REQ_00384,CLI_0087,FOR_014,OPE_018,2025-12-24 15:58:00,0.0,,Annullata
REQ_00385,CLI_0256,FOR_023,OPE_030,2025-12-25 13:29:00,31.34,84.0,Completata
REQ_00386,CLI_0237,FOR_048,OPE_025,2025-12-26 08:17:00,22.86,118.0,Completata
REQ_00387,CLI_0127,FOR_041,OPE_025,2025-12-27 14:44:00,117.71,84.0,Completata
REQ_00388,CLI_0226,FOR_010,OPE_075,2025-12-27 19:46:00,56.51,67.0,Completata
REQ_00389,CLI_0209,FOR_002,OPE_076,2025-12-28 07:03:00,94.78,86.0,Completata
REQ_00390,CLI_0054,FOR_011,OPE_016,2025-12-28 09:44:00,39.48,98.0,Completata
REQ_00391,CLI_0144,FOR_006,OPE_057,2025-12-28 17:27:00,15.44,103.0,Completata
REQ_00392,CLI_0239,FOR_048,OPE_042,2025-12-30 11:21:00,0.0,,Annullata
REQ_00393,CLI_0188,FOR_013,OPE_004,2025-12-30 16:51:00,0.0,,Annullata
REQ_00394,CLI_0283,FOR_015,OPE_072,2025-12-30 17:23:00,17.87,110.0,Completata
REQ_00395,CLI_0012,FOR_013,OPE_043,2025-12-30 17:50:00,0.0,,Annullata
REQ_00396,CLI_0008,FOR_005,OPE_080,2025-12-31 08:39:00,26.28,56.0,Completata
REQ_00397,CLI_0284,FOR_029,OPE_047,2025-12-31 15:52:00,0.0,,Annullata
REQ_00398,CLI_0101,FOR_030,OPE_023,2025-12-31 16:14:00,0.0,,Annullata
REQ_00399,CLI_0180,FOR_037,OPE_029,2026-01-01 17:15:00,63.92,64.0,Completata
REQ_00400,CLI_0106,FOR_021,OPE_064,2026-01-01 18:30:00,44.81,105.0,Completata
REQ_00401,CLI_0285,FOR_020,OPE_025,2026-01-02 19:34:00,72.11,,In Corso
REQ_00402,CLI_0224,FOR_016,OPE_018,2026-01-03 16:56:00,0.0,,Annullata
REQ_00403,CLI_0030,FOR_045,OPE_019,2026-01-03 19:37:00,85.26,,In Corso
REQ_00404,CLI_0318,FOR_029,OPE_022,2026-01-04 12:29:00,24.67,145.0,Completata
REQ_00405,CLI_0329,FOR_039,OPE_019,2026-01-04 12:31:00,0.0,,Annullata
REQ_00406,CLI_0239,FOR_015,OPE_057,2026-01-05 15:11:00,0.0,,Annullata
REQ_00407,CLI_0009,FOR_032,OPE_004,2026-01-07 16:23:00,0.0,,Annullata
REQ_00408,CLI_0165,FOR_022,OPE_058,2026-01-07 16:59:00,37.76,104.0,Completata
REQ_00409,CLI_0300,FOR_034,OPE_077,2026-01-09 12:17:00,0.0,,Annullata
REQ_00410,CLI_0095,FOR_007,OPE_068,2026-01-09 12:55:00,41.46,69.0,Completata
REQ_00411,CLI_0341,FOR_031,OPE_053,2026-01-09 16:26:00,23.33,127.0,Completata
REQ_00412,CLI_0138,FOR_002,OPE_066,2026-01-09 18:39:00,40.64,68.0,Completata
REQ_00413,CLI_0273,FOR_032,OPE_016,2026-01-10 10:21:00,0.0,,Annullata
REQ_00414,CLI_0088,FOR_001,OPE_011,2026-01-10 12:43:00,37.46,,In Corso
REQ_00415,CLI_0306,FOR_012,OPE_075,2026-01-12 07:16:00,75.48,,In Corso
REQ_00416,CLI_0321,FOR_047,OPE_053,2026-01-12 09:35:00,0.0,,Annullata
REQ_00417,CLI_0019,FOR_026,OPE_075,2026-01-12 13:14:00,85.54,98.0,Completata
REQ_00418,CLI_0195,FOR_012,OPE_067,2026-01-13 10:51:00,65.42,164.0,Completata
REQ_00419,CLI_0096,FOR_010,OPE_060,2026-01-13 15:11:00,114.15,59.0,Completata
REQ_00420,CLI_0333,FOR_041,OPE_042,2026-01-13 18:16:00,26.96,79.0,Completata
REQ_00421,CLI_0237,FOR_022,OPE_057,2026-01-13 19:29:00,57.04,,In Corso
REQ_00422,CLI_0242,FOR_043,OPE_027,2026-01-13 19:54:00,0.0,,Annullata
REQ_00423,CLI_0012,FOR_040,OPE_073,2026-01-14 08:19:00,275.07,101.0,Completata
REQ_00424,CLI_0346,FOR_009,OPE_010,2026-01-14 12:14:00,0.0,,Annullata
REQ_00425,CLI_0276,FOR_039,OPE_060,2026-01-14 15:47:00,28.46,52.0,Completata
REQ_00426,CLI_0159,FOR_014,OPE_066,2026-01-15 15:54:00,40.01,51.0,Completata
REQ_00427,CLI_0101,FOR_028,OPE_024,2026-01-16 11:09:00,80.59,,In Corso
REQ_00428,CLI_0334,FOR_037,OPE_018,2026-01-17 16:01:00,17.88,,In Corso
REQ_00429,CLI_0332,FOR_022,OPE_070,2026-01-17 17:36:00,127.15,95.0,Completata
REQ_00430,CLI_0173,FOR_036,OPE_022,2026-01-17 19:52:00,0.0,,Annullata
REQ_00431,CLI_0217,FOR_032,OPE_033,2026-01-18 13:10:00,107.21,,In Corso
REQ_00432,CLI_0018,FOR_038,OPE_067,2026-01-18 16:35:00,60.53,,In Corso
REQ_00433,CLI_0187,FOR_005,OPE_068,2026-01-19 16:28:00,27.7,,In Corso
REQ_00434,CLI_0231,FOR_031,OPE_078,2026-01-19 16:30:00,55.17,,In Corso
REQ_00435,CLI_0337,FOR_045,OPE_014,2026-01-20 17:07:00,0.0,,Annullata
REQ_00436,CLI_0288,FOR_015,OPE_044,2026-01-22 21:09:00,31.79,,In Corso
REQ_00437,CLI_0109,FOR_027,OPE_078,2026-01-23 17:06:00,95.14,96.0,Completata
REQ_00438,CLI_0287,FOR_035,OPE_017,2026-01-23 17:23:00,15.0,109.0,Completata
REQ_00439,CLI_0083,FOR_046,OPE_054,2026-01-24 14:41:00,0.0,,Annullata
REQ_00440,CLI_0291,FOR_005,OPE_073,2026-01-24 18:43:00,141.45,,In Corso
REQ_00441,CLI_0095,FOR_022,OPE_066,2026-01-25 14:07:00,18.56,,In Corso
REQ_00442,CLI_0219,FOR_025,OPE_072,2026-01-27 08:23:00,194.8,,In Corso
REQ_00443,CLI_0054,FOR_026,OPE_016,2026-01-27 15:41:00,32.02,89.0,Completata
REQ_00444,CLI_0193,FOR_047,OPE_001,2026-01-27 19:55:00,114.87,98.0,Completata
REQ_00445,CLI_0112,FOR_033,OPE_003,2026-01-28 10:48:00,45.22,98.0,Completata
REQ_00446,CLI_0163,FOR_005,OPE_076,2026-01-28 16:52:00,0.0,,Annullata
REQ_00447,CLI_0109,FOR_020,OPE_073,2026-01-28 19:16:00,0.0,,Annullata
REQ_00448,CLI_0243,FOR_019,OPE_045,2026-01-29 17:28:00,0.0,,Annullata
REQ_00449,CLI_0188,FOR_022,OPE_052,2026-01-30 11:46:00,24.3,121.0,Completata
REQ_00450,CLI_0043,FOR_019,OPE_072,2026-01-31 09:32:00,78.69,,In Corso
REQ_00451,CLI_0200,FOR_042,OPE_026,2026-01-31 13:15:00,0.0,,Annullata
REQ_00452,CLI_0240,FOR_039,OPE_051,2026-02-01 18:08:00,29.65,110.0,Completata
REQ_00453,CLI_0207,FOR_031,OPE_055,2026-02-02 12:02:00,0.0,,Annullata
REQ_00454,CLI_0011,FOR_038,OPE_043,2026-02-02 16:58:00,60.7,126.0,Completata
REQ_00455,CLI_0220,FOR_001,OPE_072,2026-02-03 14:56:00,67.6,64.0,Completata
REQ_00456,CLI_0263,FOR_011,OPE_061,2026-02-04 18:02:00,21.56,57.0,Completata
REQ_00457,CLI_0154,FOR_038,OPE_012,2026-02-05 15:20:00,0.0,,Annullata
REQ_00458,CLI_0208,FOR_013,OPE_054,2026-02-05 17:35:00,142.8,141.0,Completata
REQ_00459,CLI_0260,FOR_011,OPE_049,2026-02-06 08:33:00,167.89,96.0,Completata
REQ_00460,CLI_0313,FOR_026,OPE_025,2026-02-06 18:56:00,38.92,96.0,Completata
REQ_00461,CLI_0164,FOR_014,OPE_078,2026-02-06 19:12:00,31.58,,In Corso
REQ_00462,CLI_0273,FOR_003,OPE_080,2026-02-07 16:34:00,63.3,60.0,Completata
REQ_00463,CLI_0093,FOR_045,OPE_079,2026-02-08 16:14:00,0.0,,Annullata
REQ_00464,CLI_0064,FOR_038,OPE_064,2026-02-09 10:34:00,39.11,137.0,Completata
REQ_00465,CLI_0278,FOR_017,OPE_041,2026-02-09 14:29:00,141.98,56.0,Completata
REQ_00466,CLI_0230,FOR_027,OPE_052,2026-02-10 08:53:00,44.2,133.0,Completata
REQ_00467,CLI_0188,FOR_034,OPE_004,2026-02-11 09:25:00,21.1,144.0,Completata
REQ_00468,CLI_0071,FOR_030,OPE_050,2026-02-11 15:33:00,58.54,60.0,Completata
REQ_00469,CLI_0008,FOR_024,OPE_036,2026-02-12 12:37:00,19.67,110.0,Completata
REQ_00470,CLI_0146,FOR_028,OPE_029,2026-02-12 13:07:00,48.97,116.0,Completata
REQ_00471,CLI_0187,FOR_031,OPE_004,2026-02-12 18:46:00,22.39,140.0,Completata
REQ_00472,CLI_0304,FOR_046,OPE_048,2026-02-13 16:52:00,18.36,,In Corso
REQ_00473,CLI_0108,FOR_012,OPE_036,2026-02-13 18:28:00,94.33,88.0,Completata
REQ_00474,CLI_0255,FOR_007,OPE_001,2026-02-13 19:08:00,31.5,65.0,Completata
REQ_00475,CLI_0044,FOR_008,OPE_024,2026-02-14 19:42:00,213.1,60.0,Completata
REQ_00476,CLI_0095,FOR_037,OPE_030,2026-02-15 07:57:00,47.68,41.0,Completata
REQ_00477,CLI_0350,FOR_027,OPE_039,2026-02-16 12:39:00,116.45,101.0,Completata
REQ_00478,CLI_0332,FOR_029,OPE_033,2026-02-16 17:31:00,108.17,75.0,Completata
REQ_00479,CLI_0172,FOR_018,OPE_003,2026-02-16 19:03:00,21.38,149.0,Completata
REQ_00480,CLI_0186,FOR_033,OPE_059,2026-02-17 16:50:00,42.67,65.0,Completata
REQ_00481,CLI_0098,FOR_029,OPE_022,2026-02-17 18:53:00,41.18,70.0,Completata
REQ_00482,CLI_0134,FOR_042,OPE_025,2026-02-18 17:02:00,93.67,65.0,Completata
REQ_00483,CLI_0167,FOR_028,OPE_051,2026-02-18 17:09:00,15.66,106.0,Completata
REQ_00484,CLI_0150,FOR_032,OPE_069,2026-02-18 17:59:00,53.15,78.0,Completata
REQ_00485,CLI_0330,FOR_039,OPE_015,2026-02-18 18:43:00,72.7,,In Corso
REQ_00486,CLI_0339,FOR_010,OPE_029,2026-02-19 09:31:00,15.5,,In Corso
REQ_00487,CLI_0147,FOR_003,OPE_008,2026-02-19 16:16:00,17.36,98.0,Completata
REQ_00488,CLI_0179,FOR_021,OPE_067,2026-02-20 12:25:00,22.07,15.0,Completata
REQ_00489,CLI_0016,FOR_013,OPE_067,2026-02-20 18:49:00,47.23,,In Corso
REQ_00490,CLI_0001,FOR_010,OPE_080,2026-02-21 12:45:00,51.73,95.0,Completata
REQ_00491,CLI_0012,FOR_025,OPE_060,2026-02-21 18:11:00,18.61,49.0,Completata
REQ_00492,CLI_0279,FOR_043,OPE_006,2026-02-22 14:23:00,78.62,62.0,Completata
REQ_00493,CLI_0018,FOR_013,OPE_043,2026-02-23 10:15:00,134.02,,In Corso
REQ_00494,CLI_0146,FOR_028,OPE_051,2026-02-23 14:23:00,0.0,,Annullata
REQ_00495,CLI_0137,FOR_040,OPE_068,2026-02-24 11:46:00,80.35,104.0,Completata
REQ_00496,CLI_0280,FOR_048,OPE_045,2026-02-24 14:01:00,19.66,93.0,Completata
REQ_00497,CLI_0148,FOR_018,OPE_066,2026-02-24 18:12:00,22.43,,In Corso
REQ_00498,CLI_0175,FOR_012,OPE_077,2026-02-24 18:24:00,50.63,105.0,Completata
REQ_00499,CLI_0309,FOR_026,OPE_014,2026-02-25 10:06:00,59.47,119.0,Completata
REQ_00500,CLI_0233,FOR_001,OPE_051,2026-02-26 13:22:00,25.18,,In Corso
REQ_00501,CLI_0151,FOR_019,OPE_076,2026-02-26 13:26:00,187.21,102.0,Completata
REQ_00502,CLI_0348,FOR_033,OPE_019,2026-02-26 18:28:00,0.0,,Annullata
REQ_00503,CLI_0180,FOR_049,OPE_037,2026-02-27 14:51:00,0.0,,Annullata
REQ_00504,CLI_0294,FOR_013,OPE_054,2026-02-28 15:03:00,114.38,73.0,Completata
REQ_00505,CLI_0173,FOR_046,OPE_072,2026-03-01 19:34:00,0.0,,Annullata
REQ_00506,CLI_0214,FOR_021,OPE_026,2026-03-03 21:23:00,0.0,,Annullata
REQ_00507,CLI_0065,FOR_006,OPE_023,2026-03-04 10:25:00,205.86,,In Corso
REQ_00508,CLI_0158,FOR_013,OPE_018,2026-03-04 13:18:00,64.78,152.0,Completata
REQ_00509,CLI_0088,FOR_047,OPE_040,2026-03-04 13:30:00,63.01,71.0,Completata
REQ_00510,CLI_0050,FOR_048,OPE_006,2026-03-04 19:08:00,34.72,59.0,Completata
REQ_00511,CLI_0090,FOR_040,OPE_045,2026-03-05 12:19:00,68.43,131.0,Completata
REQ_00512,CLI_0148,FOR_037,OPE_017,2026-03-05 19:31:00,38.23,,In Corso
REQ_00513,CLI_0025,FOR_050,OPE_041,2026-03-06 13:39:00,0.0,,Annullata
REQ_00514,CLI_0038,FOR_006,OPE_045,2026-03-06 18:49:00,30.14,99.0,Completata
REQ_00515,CLI_0146,FOR_049,OPE_035,2026-03-07 10:29:00,54.56,63.0,Completata
REQ_00516,CLI_0126,FOR_043,OPE_016,2026-03-07 17:05:00,24.83,88.0,Completata
REQ_00517,CLI_0182,FOR_009,OPE_001,2026-03-08 17:17:00,59.37,103.0,Completata
REQ_00518,CLI_0336,FOR_044,OPE_055,2026-03-08 18:25:00,23.97,126.0,Completata
REQ_00519,CLI_0122,FOR_006,OPE_048,2026-03-09 09:10:00,31.46,153.0,Completata
REQ_00520,CLI_0010,FOR_030,OPE_018,2026-03-09 15:57:00,19.13,129.0,Completata
REQ_00521,CLI_0088,FOR_009,OPE_015,2026-03-09 17:47:00,0.0,,Annullata
REQ_00522,CLI_0191,FOR_040,OPE_009,2026-03-10 20:14:00,0.0,,Annullata
REQ_00523,CLI_0209,FOR_016,OPE_015,2026-03-11 09:16:00,79.11,,In Corso
REQ_00524,CLI_0079,FOR_018,OPE_002,2026-03-12 13:58:00,51.68,119.0,Completata
REQ_00525,CLI_0109,FOR_010,OPE_061,2026-03-12 17:01:00,122.38,,In Corso
REQ_00526,CLI_0191,FOR_046,OPE_009,2026-03-13 12:21:00,110.32,127.0,Completata
REQ_00527,CLI_0298,FOR_013,OPE_036,2026-03-13 14:05:00,15.04,,In Corso
REQ_00528,CLI_0074,FOR_009,OPE_052,2026-03-14 11:02:00,59.94,,In Corso
REQ_00529,CLI_0320,FOR_039,OPE_023,2026-03-14 18:54:00,66.34,95.0,Completata
REQ_00530,CLI_0179,FOR_005,OPE_031,2026-03-15 16:10:00,29.46,,In Corso
REQ_00531,CLI_0183,FOR_017,OPE_002,2026-03-16 10:15:00,32.92,109.0,Completata
REQ_00532,CLI_0070,FOR_003,OPE_058,2026-03-16 16:30:00,73.81,48.0,Completata
REQ_00533,CLI_0340,FOR_005,OPE_059,2026-03-16 19:13:00,40.1,100.0,Completata
REQ_00534,CLI_0318,FOR_016,OPE_068,2026-03-17 10:03:00,0.0,,Annullata
REQ_00535,CLI_0100,FOR_007,OPE_030,2026-03-17 17:54:00,32.6,73.0,Completata
REQ_00536,CLI_0144,FOR_047,OPE_051,2026-03-18 17:41:00,84.8,102.0,Completata
REQ_00537,CLI_0191,FOR_045,OPE_077,2026-03-18 18:36:00,32.15,97.0,Completata
REQ_00538,CLI_0036,FOR_025,OPE_006,2026-03-19 19:14:00,84.19,96.0,Completata
REQ_00539,CLI_0337,FOR_046,OPE_024,2026-03-20 11:35:00,145.54,55.0,Completata
REQ_00540,CLI_0115,FOR_034,OPE_028,2026-03-20 12:23:00,47.15,126.0,Completata
REQ_00541,CLI_0176,FOR_021,OPE_054,2026-03-20 12:43:00,23.77,89.0,Completata
REQ_00542,CLI_0276,FOR_048,OPE_059,2026-03-20 16:27:00,90.2,86.0,Completata
REQ_00543,CLI_0196,FOR_035,OPE_003,2026-03-20 17:53:00,208.94,67.0,Completata
REQ_00544,CLI_0283,FOR_001,OPE_080,2026-03-21 18:09:00,17.21,,In Corso
REQ_00545,CLI_0087,FOR_041,OPE_075,2026-03-22 14:00:00,0.0,,Annullata
REQ_00546,CLI_0178,FOR_036,OPE_037,2026-03-22 15:24:00,50.82,95.0,Completata
REQ_00547,CLI_0048,FOR_032,OPE_003,2026-03-23 13:35:00,31.56,133.0,Completata
REQ_00548,CLI_0175,FOR_035,OPE_014,2026-03-24 10:59:00,0.0,,Annullata
REQ_00549,CLI_0095,FOR_017,OPE_024,2026-03-24 15:20:00,117.14,,In Corso
REQ_00550,CLI_0151,FOR_018,OPE_050,2026-03-27 09:04:00,0.0,,Annullata
